{
  "scenarios": [
    {
      "label": "Planet4 Denmark act page",
      "url": "https://APP_HOSTNAME/APP_HOSTPATH/vaer-med/",
      "delay": 3000,
      "misMatchThreshold": 1.5
    },
    {
      "label": "Planet4 Denmark explore page",
      "url": "https://APP_HOSTNAME/APP_HOSTPATH/se-mere/",
      "delay": 3000,
      "misMatchThreshold": 1.5
    },
    {
      "label": "Planet4 Denmark privacy and cookies page",
      "url": "https://APP_HOSTNAME/APP_HOSTPATH/om-os/persondatapolitik/",
      "delay": 3000,
      "misMatchThreshold": 1.5
    }
  ]
}
